teacher_id,feedback_text
1,Very patient while teaching
1,Good examples are provided
2,Classes are rushed
2,Needs to explain more slowly
2,Concepts are not very clear
3,Very interactive and helpful
3,Encourages students to ask questions
3,Explains topics in detail
4,Teaching style is excellent
4,Uses real world examples
4,Classes are easy to understand
5,Needs better time management
5,Sometimes skips important topics
5,Average teaching performance
6,Very knowledgeable in the subject
6,Explains difficult topics easily
6,Engaging teaching methods
7,Classes feel boring sometimes
7,Lacks interaction with students
7,Needs improvement in explanation
8,Always well prepared for class
8,Very clear and organized teaching
8,Explains doubts clearly
9,Teaching speed is too fast
9,Hard to follow lectures
9,Needs to explain more slowly
10,Very supportive to students
10,Encourages participation
10,Creates positive learning environment
11,Excellent subject knowledge
11,Very confident teaching
11,Well structured lectures
12,Needs to improve communication
12,Concepts are confusing
12,Classes lack clarity
,
